Variation,confirm_count,total_users,completion_rate
Control,2879,8252,0.34888511875908873
Test,3119,8535,0.3654364381956649
